['150357589104596', '법원및검찰,,,내부망에 尹석방 비판 봇물(납득할수없다 ,,법에도없는규정 석방)']|['150357589104478', '수지, 백리스 드레스 자태에 온라인 반응 폭발… “그림자까지 예술”']|['150357589104451', '(尹석방)법원부장판사에이어,,검찰도 항고왜 안햇냐 며  집단반발']|['150357589104368', '윤은혜, 아버지와 절연했던 이유?… 눈물 속 고백한 가족사']|['150357589104248', '(법원 속보)현직부장판사도 내부망에尹석방 문제있다 강력비판(법에도없는 시간계산법 적용 석방 강력비판)']|['150357589104235', '제니, 콘서트 파격 노출 퍼포먼스 이유?']|['150357589104025', '대만 배우 왕대륙, 범죄 혐의 줄줄이…승리와 유사한 행적?']|"['150357589103973', ""김새론 아버지, 유튜버 이진호 폭로… '발인 후에도 전화해'""]"|['150357589103069', '나스닥 시장에서. 보물을찾았다.']|['150357589102630', '3.4일~3.7일 업종상승율1위===상한가직행--풀매수 싯점']|['150357589102564', '검찰개혁 답안지 보시라.']|['150357589102543', '경찰은 노예다.~~~~^^']|['150357589102538', '남,북이 서로 잘한것~~~~^^']|['150357589102482', '윤석열 석방 후 강남과 잠실 집값 , 주식 급등']|"['150357589102480', '윤석열 석방에…""국민에게 총 겨눈 범죄자가 풀려난 치욕의 날""CBS노컷뉴스 2025. 3. 9.']"|['150357589102478', '[ 윤석열은 비상식적인 인간이다. ] 국민이 포기를 안 했는데, 검찰 니들이 뭔데, 왜 항고를 포기해? 새 글']|['150357589102473', '★ 심우정이 어떻게 검찰총장이 될 수 있었나?\t[ 덮는 걸 잘 해서. ]']|['150357589102464', '발짝한 내란대권후보?']|['150357589102462', '그리오래걸리지 않을겁니다']|['150357589102457', '극우기독인들아.교회집회도']|['150357589102436', '난리났네 ,,법조계 구속취소 해달라 요구 봇물 /왜 尹만 법에도없는규정적용 풀어주냐고 구속취소신청']|['150357589102421', '(검찰속보)오세훈이 해명 거짓말 들통 검찰복수의 증인및 물증 확보/명태균말은 거의옳았다 또 증명']|['150357589102408', '김태희, 남아공서 5인조 무장 강도 습격 사건 전말']|"['150357589102404', '블랙핑크 제니, 솔로 콘서트 의상 노출 논란… ""멋지다"" vs ""과했다""']"|['150357589102247', '형사소송법 201조 2항,,날부터 ~날까지 유일하게 명시되어있고/법조항 그어디에도 시간계산법은 없다']|"['150357589102213', '尹 외신 실시간보도 뉴욕타임스·워싱턴포스트 ""尹 석방,한국 정치위기 심화·연장""']"|['150357589101993', '----지난1주간 업종 상승율1위(+10%) = 식품,음료주----']|['150357589101891', '건강악화 순위~~~~^^']|['150357589101876', '내일은 동양철관 이 상한가']|['150357589101657', '윤석렬은 반국가세력이다.~~~^^']
['150357589104596', '법원및검찰,,,내부망에 尹석방 비판 봇물(납득할수없다 ,,법에도없는규정 석방)']|['150357589104478', '수지, 백리스 드레스 자태에 온라인 반응 폭발… “그림자까지 예술”']|['150357589104451', '(尹석방)법원부장판사에이어,,검찰도 항고왜 안햇냐 며  집단반발']|['150357589104368', '윤은혜, 아버지와 절연했던 이유?… 눈물 속 고백한 가족사']|['150357589104248', '(법원 속보)현직부장판사도 내부망에尹석방 문제있다 강력비판(법에도없는 시간계산법 적용 석방 강력비판)']|['150357589104235', '제니, 콘서트 파격 노출 퍼포먼스 이유?']|['150357589104025', '대만 배우 왕대륙, 범죄 혐의 줄줄이…승리와 유사한 행적?']|"['150357589103973', ""김새론 아버지, 유튜버 이진호 폭로… '발인 후에도 전화해'""]"|['150357589103069', '나스닥 시장에서. 보물을찾았다.']|['150357589102630', '3.4일~3.7일 업종상승율1위===상한가직행--풀매수 싯점']|['150357589102564', '검찰개혁 답안지 보시라.']|['150357589102543', '경찰은 노예다.~~~~^^']|['150357589102538', '남,북이 서로 잘한것~~~~^^']|['150357589102482', '윤석열 석방 후 강남과 잠실 집값 , 주식 급등']|"['150357589102480', '윤석열 석방에…""국민에게 총 겨눈 범죄자가 풀려난 치욕의 날""CBS노컷뉴스 2025. 3. 9.']"|['150357589102478', '[ 윤석열은 비상식적인 인간이다. ] 국민이 포기를 안 했는데, 검찰 니들이 뭔데, 왜 항고를 포기해? 새 글']|['150357589102473', '★ 심우정이 어떻게 검찰총장이 될 수 있었나?\t[ 덮는 걸 잘 해서. ]']|['150357589102464', '발짝한 내란대권후보?']|['150357589102462', '그리오래걸리지 않을겁니다']|['150357589102457', '극우기독인들아.교회집회도']|['150357589102436', '난리났네 ,,법조계 구속취소 해달라 요구 봇물 /왜 尹만 법에도없는규정적용 풀어주냐고 구속취소신청']|['150357589102421', '(검찰속보)오세훈이 해명 거짓말 들통 검찰복수의 증인및 물증 확보/명태균말은 거의옳았다 또 증명']|['150357589102408', '김태희, 남아공서 5인조 무장 강도 습격 사건 전말']|"['150357589102404', '블랙핑크 제니, 솔로 콘서트 의상 노출 논란… ""멋지다"" vs ""과했다""']"|['150357589102247', '형사소송법 201조 2항,,날부터 ~날까지 유일하게 명시되어있고/법조항 그어디에도 시간계산법은 없다']|"['150357589102213', '尹 외신 실시간보도 뉴욕타임스·워싱턴포스트 ""尹 석방,한국 정치위기 심화·연장""']"|['150357589101993', '----지난1주간 업종 상승율1위(+10%) = 식품,음료주----']|['150357589101891', '건강악화 순위~~~~^^']|['150357589101876', '내일은 동양철관 이 상한가']|['150357589101657', '윤석렬은 반국가세력이다.~~~^^']
['150357589104596', '법원및검찰,,,내부망에 尹석방 비판 봇물(납득할수없다 ,,법에도없는규정 석방)']|['150357589104478', '수지, 백리스 드레스 자태에 온라인 반응 폭발… “그림자까지 예술”']|['150357589104451', '(尹석방)법원부장판사에이어,,검찰도 항고왜 안햇냐 며  집단반발']|['150357589104368', '윤은혜, 아버지와 절연했던 이유?… 눈물 속 고백한 가족사']|['150357589104248', '(법원 속보)현직부장판사도 내부망에尹석방 문제있다 강력비판(법에도없는 시간계산법 적용 석방 강력비판)']|['150357589104235', '제니, 콘서트 파격 노출 퍼포먼스 이유?']|['150357589104025', '대만 배우 왕대륙, 범죄 혐의 줄줄이…승리와 유사한 행적?']|"['150357589103973', ""김새론 아버지, 유튜버 이진호 폭로… '발인 후에도 전화해'""]"|['150357589103069', '나스닥 시장에서. 보물을찾았다.']|['150357589102630', '3.4일~3.7일 업종상승율1위===상한가직행--풀매수 싯점']|['150357589102564', '검찰개혁 답안지 보시라.']|['150357589102543', '경찰은 노예다.~~~~^^']|['150357589102538', '남,북이 서로 잘한것~~~~^^']|['150357589102482', '윤석열 석방 후 강남과 잠실 집값 , 주식 급등']|"['150357589102480', '윤석열 석방에…""국민에게 총 겨눈 범죄자가 풀려난 치욕의 날""CBS노컷뉴스 2025. 3. 9.']"|['150357589102478', '[ 윤석열은 비상식적인 인간이다. ] 국민이 포기를 안 했는데, 검찰 니들이 뭔데, 왜 항고를 포기해? 새 글']|['150357589102473', '★ 심우정이 어떻게 검찰총장이 될 수 있었나?\t[ 덮는 걸 잘 해서. ]']|['150357589102464', '발짝한 내란대권후보?']|['150357589102462', '그리오래걸리지 않을겁니다']|['150357589102457', '극우기독인들아.교회집회도']|['150357589102436', '난리났네 ,,법조계 구속취소 해달라 요구 봇물 /왜 尹만 법에도없는규정적용 풀어주냐고 구속취소신청']|['150357589102421', '(검찰속보)오세훈이 해명 거짓말 들통 검찰복수의 증인및 물증 확보/명태균말은 거의옳았다 또 증명']|['150357589102408', '김태희, 남아공서 5인조 무장 강도 습격 사건 전말']|"['150357589102404', '블랙핑크 제니, 솔로 콘서트 의상 노출 논란… ""멋지다"" vs ""과했다""']"|['150357589102247', '형사소송법 201조 2항,,날부터 ~날까지 유일하게 명시되어있고/법조항 그어디에도 시간계산법은 없다']|"['150357589102213', '尹 외신 실시간보도 뉴욕타임스·워싱턴포스트 ""尹 석방,한국 정치위기 심화·연장""']"|['150357589101993', '----지난1주간 업종 상승율1위(+10%) = 식품,음료주----']|['150357589101891', '건강악화 순위~~~~^^']|['150357589101876', '내일은 동양철관 이 상한가']|['150357589101657', '윤석렬은 반국가세력이다.~~~^^']
['150357589104596', '법원및검찰,,,내부망에 尹석방 비판 봇물(납득할수없다 ,,법에도없는규정 석방)']|['150357589104478', '수지, 백리스 드레스 자태에 온라인 반응 폭발… “그림자까지 예술”']|['150357589104451', '(尹석방)법원부장판사에이어,,검찰도 항고왜 안햇냐 며  집단반발']|['150357589104368', '윤은혜, 아버지와 절연했던 이유?… 눈물 속 고백한 가족사']|['150357589104248', '(법원 속보)현직부장판사도 내부망에尹석방 문제있다 강력비판(법에도없는 시간계산법 적용 석방 강력비판)']|['150357589104235', '제니, 콘서트 파격 노출 퍼포먼스 이유?']|['150357589104025', '대만 배우 왕대륙, 범죄 혐의 줄줄이…승리와 유사한 행적?']|"['150357589103973', ""김새론 아버지, 유튜버 이진호 폭로… '발인 후에도 전화해'""]"|['150357589103069', '나스닥 시장에서. 보물을찾았다.']|['150357589102630', '3.4일~3.7일 업종상승율1위===상한가직행--풀매수 싯점']|['150357589102564', '검찰개혁 답안지 보시라.']|['150357589102543', '경찰은 노예다.~~~~^^']|['150357589102538', '남,북이 서로 잘한것~~~~^^']|['150357589102482', '윤석열 석방 후 강남과 잠실 집값 , 주식 급등']|"['150357589102480', '윤석열 석방에…""국민에게 총 겨눈 범죄자가 풀려난 치욕의 날""CBS노컷뉴스 2025. 3. 9.']"|['150357589102478', '[ 윤석열은 비상식적인 인간이다. ] 국민이 포기를 안 했는데, 검찰 니들이 뭔데, 왜 항고를 포기해? 새 글']|['150357589102473', '★ 심우정이 어떻게 검찰총장이 될 수 있었나?\t[ 덮는 걸 잘 해서. ]']|['150357589102464', '발짝한 내란대권후보?']|['150357589102462', '그리오래걸리지 않을겁니다']|['150357589102457', '극우기독인들아.교회집회도']|['150357589102436', '난리났네 ,,법조계 구속취소 해달라 요구 봇물 /왜 尹만 법에도없는규정적용 풀어주냐고 구속취소신청']|['150357589102421', '(검찰속보)오세훈이 해명 거짓말 들통 검찰복수의 증인및 물증 확보/명태균말은 거의옳았다 또 증명']|['150357589102408', '김태희, 남아공서 5인조 무장 강도 습격 사건 전말']|"['150357589102404', '블랙핑크 제니, 솔로 콘서트 의상 노출 논란… ""멋지다"" vs ""과했다""']"|['150357589102247', '형사소송법 201조 2항,,날부터 ~날까지 유일하게 명시되어있고/법조항 그어디에도 시간계산법은 없다']|"['150357589102213', '尹 외신 실시간보도 뉴욕타임스·워싱턴포스트 ""尹 석방,한국 정치위기 심화·연장""']"|['150357589101993', '----지난1주간 업종 상승율1위(+10%) = 식품,음료주----']|['150357589101891', '건강악화 순위~~~~^^']|['150357589101876', '내일은 동양철관 이 상한가']|['150357589101657', '윤석렬은 반국가세력이다.~~~^^']
['150357589104596', '법원및검찰,,,내부망에 尹석방 비판 봇물(납득할수없다 ,,법에도없는규정 석방)']|['150357589104478', '수지, 백리스 드레스 자태에 온라인 반응 폭발… “그림자까지 예술”']|['150357589104451', '(尹석방)법원부장판사에이어,,검찰도 항고왜 안햇냐 며  집단반발']|['150357589104368', '윤은혜, 아버지와 절연했던 이유?… 눈물 속 고백한 가족사']|['150357589104248', '(법원 속보)현직부장판사도 내부망에尹석방 문제있다 강력비판(법에도없는 시간계산법 적용 석방 강력비판)']|['150357589104235', '제니, 콘서트 파격 노출 퍼포먼스 이유?']|['150357589104025', '대만 배우 왕대륙, 범죄 혐의 줄줄이…승리와 유사한 행적?']|"['150357589103973', ""김새론 아버지, 유튜버 이진호 폭로… '발인 후에도 전화해'""]"|['150357589103069', '나스닥 시장에서. 보물을찾았다.']|['150357589102630', '3.4일~3.7일 업종상승율1위===상한가직행--풀매수 싯점']|['150357589102564', '검찰개혁 답안지 보시라.']|['150357589102543', '경찰은 노예다.~~~~^^']|['150357589102538', '남,북이 서로 잘한것~~~~^^']|['150357589102482', '윤석열 석방 후 강남과 잠실 집값 , 주식 급등']|"['150357589102480', '윤석열 석방에…""국민에게 총 겨눈 범죄자가 풀려난 치욕의 날""CBS노컷뉴스 2025. 3. 9.']"|['150357589102478', '[ 윤석열은 비상식적인 인간이다. ] 국민이 포기를 안 했는데, 검찰 니들이 뭔데, 왜 항고를 포기해? 새 글']|['150357589102473', '★ 심우정이 어떻게 검찰총장이 될 수 있었나?\t[ 덮는 걸 잘 해서. ]']|['150357589102464', '발짝한 내란대권후보?']|['150357589102462', '그리오래걸리지 않을겁니다']|['150357589102457', '극우기독인들아.교회집회도']|['150357589102436', '난리났네 ,,법조계 구속취소 해달라 요구 봇물 /왜 尹만 법에도없는규정적용 풀어주냐고 구속취소신청']|['150357589102421', '(검찰속보)오세훈이 해명 거짓말 들통 검찰복수의 증인및 물증 확보/명태균말은 거의옳았다 또 증명']|['150357589102408', '김태희, 남아공서 5인조 무장 강도 습격 사건 전말']|"['150357589102404', '블랙핑크 제니, 솔로 콘서트 의상 노출 논란… ""멋지다"" vs ""과했다""']"|['150357589102247', '형사소송법 201조 2항,,날부터 ~날까지 유일하게 명시되어있고/법조항 그어디에도 시간계산법은 없다']|"['150357589102213', '尹 외신 실시간보도 뉴욕타임스·워싱턴포스트 ""尹 석방,한국 정치위기 심화·연장""']"|['150357589101993', '----지난1주간 업종 상승율1위(+10%) = 식품,음료주----']|['150357589101891', '건강악화 순위~~~~^^']|['150357589101876', '내일은 동양철관 이 상한가']|['150357589101657', '윤석렬은 반국가세력이다.~~~^^']
['150357589104596', '법원및검찰,,,내부망에 尹석방 비판 봇물(납득할수없다 ,,법에도없는규정 석방)']|['150357589104478', '수지, 백리스 드레스 자태에 온라인 반응 폭발… “그림자까지 예술”']|['150357589104451', '(尹석방)법원부장판사에이어,,검찰도 항고왜 안햇냐 며  집단반발']|['150357589104368', '윤은혜, 아버지와 절연했던 이유?… 눈물 속 고백한 가족사']|['150357589104248', '(법원 속보)현직부장판사도 내부망에尹석방 문제있다 강력비판(법에도없는 시간계산법 적용 석방 강력비판)']|['150357589104235', '제니, 콘서트 파격 노출 퍼포먼스 이유?']|['150357589104025', '대만 배우 왕대륙, 범죄 혐의 줄줄이…승리와 유사한 행적?']|"['150357589103973', ""김새론 아버지, 유튜버 이진호 폭로… '발인 후에도 전화해'""]"|['150357589103069', '나스닥 시장에서. 보물을찾았다.']|['150357589102630', '3.4일~3.7일 업종상승율1위===상한가직행--풀매수 싯점']|['150357589102564', '검찰개혁 답안지 보시라.']|['150357589102543', '경찰은 노예다.~~~~^^']|['150357589102538', '남,북이 서로 잘한것~~~~^^']|['150357589102482', '윤석열 석방 후 강남과 잠실 집값 , 주식 급등']|"['150357589102480', '윤석열 석방에…""국민에게 총 겨눈 범죄자가 풀려난 치욕의 날""CBS노컷뉴스 2025. 3. 9.']"|['150357589102478', '[ 윤석열은 비상식적인 인간이다. ] 국민이 포기를 안 했는데, 검찰 니들이 뭔데, 왜 항고를 포기해? 새 글']|['150357589102473', '★ 심우정이 어떻게 검찰총장이 될 수 있었나?\t[ 덮는 걸 잘 해서. ]']|['150357589102464', '발짝한 내란대권후보?']|['150357589102462', '그리오래걸리지 않을겁니다']|['150357589102457', '극우기독인들아.교회집회도']|['150357589102436', '난리났네 ,,법조계 구속취소 해달라 요구 봇물 /왜 尹만 법에도없는규정적용 풀어주냐고 구속취소신청']|['150357589102421', '(검찰속보)오세훈이 해명 거짓말 들통 검찰복수의 증인및 물증 확보/명태균말은 거의옳았다 또 증명']|['150357589102408', '김태희, 남아공서 5인조 무장 강도 습격 사건 전말']|"['150357589102404', '블랙핑크 제니, 솔로 콘서트 의상 노출 논란… ""멋지다"" vs ""과했다""']"|['150357589102247', '형사소송법 201조 2항,,날부터 ~날까지 유일하게 명시되어있고/법조항 그어디에도 시간계산법은 없다']|"['150357589102213', '尹 외신 실시간보도 뉴욕타임스·워싱턴포스트 ""尹 석방,한국 정치위기 심화·연장""']"|['150357589101993', '----지난1주간 업종 상승율1위(+10%) = 식품,음료주----']|['150357589101891', '건강악화 순위~~~~^^']|['150357589101876', '내일은 동양철관 이 상한가']|['150357589101657', '윤석렬은 반국가세력이다.~~~^^']
['150357589104596', '법원및검찰,,,내부망에 尹석방 비판 봇물(납득할수없다 ,,법에도없는규정 석방)']|['150357589104478', '수지, 백리스 드레스 자태에 온라인 반응 폭발… “그림자까지 예술”']|['150357589104451', '(尹석방)법원부장판사에이어,,검찰도 항고왜 안햇냐 며  집단반발']|['150357589104368', '윤은혜, 아버지와 절연했던 이유?… 눈물 속 고백한 가족사']|['150357589104248', '(법원 속보)현직부장판사도 내부망에尹석방 문제있다 강력비판(법에도없는 시간계산법 적용 석방 강력비판)']|['150357589104235', '제니, 콘서트 파격 노출 퍼포먼스 이유?']|['150357589104025', '대만 배우 왕대륙, 범죄 혐의 줄줄이…승리와 유사한 행적?']|"['150357589103973', ""김새론 아버지, 유튜버 이진호 폭로… '발인 후에도 전화해'""]"|['150357589103069', '나스닥 시장에서. 보물을찾았다.']|['150357589102630', '3.4일~3.7일 업종상승율1위===상한가직행--풀매수 싯점']|['150357589102564', '검찰개혁 답안지 보시라.']|['150357589102543', '경찰은 노예다.~~~~^^']|['150357589102538', '남,북이 서로 잘한것~~~~^^']|['150357589102482', '윤석열 석방 후 강남과 잠실 집값 , 주식 급등']|"['150357589102480', '윤석열 석방에…""국민에게 총 겨눈 범죄자가 풀려난 치욕의 날""CBS노컷뉴스 2025. 3. 9.']"|['150357589102478', '[ 윤석열은 비상식적인 인간이다. ] 국민이 포기를 안 했는데, 검찰 니들이 뭔데, 왜 항고를 포기해? 새 글']|['150357589102473', '★ 심우정이 어떻게 검찰총장이 될 수 있었나?\t[ 덮는 걸 잘 해서. ]']|['150357589102464', '발짝한 내란대권후보?']|['150357589102462', '그리오래걸리지 않을겁니다']|['150357589102457', '극우기독인들아.교회집회도']|['150357589102436', '난리났네 ,,법조계 구속취소 해달라 요구 봇물 /왜 尹만 법에도없는규정적용 풀어주냐고 구속취소신청']|['150357589102421', '(검찰속보)오세훈이 해명 거짓말 들통 검찰복수의 증인및 물증 확보/명태균말은 거의옳았다 또 증명']|['150357589102408', '김태희, 남아공서 5인조 무장 강도 습격 사건 전말']|"['150357589102404', '블랙핑크 제니, 솔로 콘서트 의상 노출 논란… ""멋지다"" vs ""과했다""']"|['150357589102247', '형사소송법 201조 2항,,날부터 ~날까지 유일하게 명시되어있고/법조항 그어디에도 시간계산법은 없다']|"['150357589102213', '尹 외신 실시간보도 뉴욕타임스·워싱턴포스트 ""尹 석방,한국 정치위기 심화·연장""']"|['150357589101993', '----지난1주간 업종 상승율1위(+10%) = 식품,음료주----']|['150357589101891', '건강악화 순위~~~~^^']|['150357589101876', '내일은 동양철관 이 상한가']|['150357589101657', '윤석렬은 반국가세력이다.~~~^^']
['150357589104596', '법원및검찰,,,내부망에 尹석방 비판 봇물(납득할수없다 ,,법에도없는규정 석방)']|['150357589104478', '수지, 백리스 드레스 자태에 온라인 반응 폭발… “그림자까지 예술”']|['150357589104451', '(尹석방)법원부장판사에이어,,검찰도 항고왜 안햇냐 며  집단반발']|['150357589104368', '윤은혜, 아버지와 절연했던 이유?… 눈물 속 고백한 가족사']|['150357589104248', '(법원 속보)현직부장판사도 내부망에尹석방 문제있다 강력비판(법에도없는 시간계산법 적용 석방 강력비판)']|['150357589104235', '제니, 콘서트 파격 노출 퍼포먼스 이유?']|['150357589104025', '대만 배우 왕대륙, 범죄 혐의 줄줄이…승리와 유사한 행적?']|"['150357589103973', ""김새론 아버지, 유튜버 이진호 폭로… '발인 후에도 전화해'""]"|['150357589103069', '나스닥 시장에서. 보물을찾았다.']|['150357589102630', '3.4일~3.7일 업종상승율1위===상한가직행--풀매수 싯점']|['150357589102564', '검찰개혁 답안지 보시라.']|['150357589102543', '경찰은 노예다.~~~~^^']|['150357589102538', '남,북이 서로 잘한것~~~~^^']|['150357589102482', '윤석열 석방 후 강남과 잠실 집값 , 주식 급등']|"['150357589102480', '윤석열 석방에…""국민에게 총 겨눈 범죄자가 풀려난 치욕의 날""CBS노컷뉴스 2025. 3. 9.']"|['150357589102478', '[ 윤석열은 비상식적인 인간이다. ] 국민이 포기를 안 했는데, 검찰 니들이 뭔데, 왜 항고를 포기해? 새 글']|['150357589102473', '★ 심우정이 어떻게 검찰총장이 될 수 있었나?\t[ 덮는 걸 잘 해서. ]']|['150357589102464', '발짝한 내란대권후보?']|['150357589102462', '그리오래걸리지 않을겁니다']|['150357589102457', '극우기독인들아.교회집회도']|['150357589102436', '난리났네 ,,법조계 구속취소 해달라 요구 봇물 /왜 尹만 법에도없는규정적용 풀어주냐고 구속취소신청']|['150357589102421', '(검찰속보)오세훈이 해명 거짓말 들통 검찰복수의 증인및 물증 확보/명태균말은 거의옳았다 또 증명']|['150357589102408', '김태희, 남아공서 5인조 무장 강도 습격 사건 전말']|"['150357589102404', '블랙핑크 제니, 솔로 콘서트 의상 노출 논란… ""멋지다"" vs ""과했다""']"|['150357589102247', '형사소송법 201조 2항,,날부터 ~날까지 유일하게 명시되어있고/법조항 그어디에도 시간계산법은 없다']|"['150357589102213', '尹 외신 실시간보도 뉴욕타임스·워싱턴포스트 ""尹 석방,한국 정치위기 심화·연장""']"|['150357589101993', '----지난1주간 업종 상승율1위(+10%) = 식품,음료주----']|['150357589101891', '건강악화 순위~~~~^^']|['150357589101876', '내일은 동양철관 이 상한가']|['150357589101657', '윤석렬은 반국가세력이다.~~~^^']
['150357589104596', '법원및검찰,,,내부망에 尹석방 비판 봇물(납득할수없다 ,,법에도없는규정 석방)']|['150357589104478', '수지, 백리스 드레스 자태에 온라인 반응 폭발… “그림자까지 예술”']|['150357589104451', '(尹석방)법원부장판사에이어,,검찰도 항고왜 안햇냐 며  집단반발']|['150357589104368', '윤은혜, 아버지와 절연했던 이유?… 눈물 속 고백한 가족사']|['150357589104248', '(법원 속보)현직부장판사도 내부망에尹석방 문제있다 강력비판(법에도없는 시간계산법 적용 석방 강력비판)']|['150357589104235', '제니, 콘서트 파격 노출 퍼포먼스 이유?']|['150357589104025', '대만 배우 왕대륙, 범죄 혐의 줄줄이…승리와 유사한 행적?']|"['150357589103973', ""김새론 아버지, 유튜버 이진호 폭로… '발인 후에도 전화해'""]"|['150357589103069', '나스닥 시장에서. 보물을찾았다.']|['150357589102630', '3.4일~3.7일 업종상승율1위===상한가직행--풀매수 싯점']|['150357589102564', '검찰개혁 답안지 보시라.']|['150357589102543', '경찰은 노예다.~~~~^^']|['150357589102538', '남,북이 서로 잘한것~~~~^^']|['150357589102482', '윤석열 석방 후 강남과 잠실 집값 , 주식 급등']|"['150357589102480', '윤석열 석방에…""국민에게 총 겨눈 범죄자가 풀려난 치욕의 날""CBS노컷뉴스 2025. 3. 9.']"|['150357589102478', '[ 윤석열은 비상식적인 인간이다. ] 국민이 포기를 안 했는데, 검찰 니들이 뭔데, 왜 항고를 포기해? 새 글']|['150357589102473', '★ 심우정이 어떻게 검찰총장이 될 수 있었나?\t[ 덮는 걸 잘 해서. ]']|['150357589102464', '발짝한 내란대권후보?']|['150357589102462', '그리오래걸리지 않을겁니다']|['150357589102457', '극우기독인들아.교회집회도']|['150357589102436', '난리났네 ,,법조계 구속취소 해달라 요구 봇물 /왜 尹만 법에도없는규정적용 풀어주냐고 구속취소신청']|['150357589102421', '(검찰속보)오세훈이 해명 거짓말 들통 검찰복수의 증인및 물증 확보/명태균말은 거의옳았다 또 증명']|['150357589102408', '김태희, 남아공서 5인조 무장 강도 습격 사건 전말']|"['150357589102404', '블랙핑크 제니, 솔로 콘서트 의상 노출 논란… ""멋지다"" vs ""과했다""']"|['150357589102247', '형사소송법 201조 2항,,날부터 ~날까지 유일하게 명시되어있고/법조항 그어디에도 시간계산법은 없다']|"['150357589102213', '尹 외신 실시간보도 뉴욕타임스·워싱턴포스트 ""尹 석방,한국 정치위기 심화·연장""']"|['150357589101993', '----지난1주간 업종 상승율1위(+10%) = 식품,음료주----']|['150357589101891', '건강악화 순위~~~~^^']|['150357589101876', '내일은 동양철관 이 상한가']|['150357589101657', '윤석렬은 반국가세력이다.~~~^^']
['150357589104596', '법원및검찰,,,내부망에 尹석방 비판 봇물(납득할수없다 ,,법에도없는규정 석방)']|['150357589104478', '수지, 백리스 드레스 자태에 온라인 반응 폭발… “그림자까지 예술”']|['150357589104451', '(尹석방)법원부장판사에이어,,검찰도 항고왜 안햇냐 며  집단반발']|['150357589104368', '윤은혜, 아버지와 절연했던 이유?… 눈물 속 고백한 가족사']|['150357589104248', '(법원 속보)현직부장판사도 내부망에尹석방 문제있다 강력비판(법에도없는 시간계산법 적용 석방 강력비판)']|['150357589104235', '제니, 콘서트 파격 노출 퍼포먼스 이유?']|['150357589104025', '대만 배우 왕대륙, 범죄 혐의 줄줄이…승리와 유사한 행적?']|"['150357589103973', ""김새론 아버지, 유튜버 이진호 폭로… '발인 후에도 전화해'""]"|['150357589103069', '나스닥 시장에서. 보물을찾았다.']|['150357589102630', '3.4일~3.7일 업종상승율1위===상한가직행--풀매수 싯점']|['150357589102564', '검찰개혁 답안지 보시라.']|['150357589102543', '경찰은 노예다.~~~~^^']|['150357589102538', '남,북이 서로 잘한것~~~~^^']|['150357589102482', '윤석열 석방 후 강남과 잠실 집값 , 주식 급등']|"['150357589102480', '윤석열 석방에…""국민에게 총 겨눈 범죄자가 풀려난 치욕의 날""CBS노컷뉴스 2025. 3. 9.']"|['150357589102478', '[ 윤석열은 비상식적인 인간이다. ] 국민이 포기를 안 했는데, 검찰 니들이 뭔데, 왜 항고를 포기해? 새 글']|['150357589102473', '★ 심우정이 어떻게 검찰총장이 될 수 있었나?\t[ 덮는 걸 잘 해서. ]']|['150357589102464', '발짝한 내란대권후보?']|['150357589102462', '그리오래걸리지 않을겁니다']|['150357589102457', '극우기독인들아.교회집회도']|['150357589102436', '난리났네 ,,법조계 구속취소 해달라 요구 봇물 /왜 尹만 법에도없는규정적용 풀어주냐고 구속취소신청']|['150357589102421', '(검찰속보)오세훈이 해명 거짓말 들통 검찰복수의 증인및 물증 확보/명태균말은 거의옳았다 또 증명']|['150357589102408', '김태희, 남아공서 5인조 무장 강도 습격 사건 전말']|"['150357589102404', '블랙핑크 제니, 솔로 콘서트 의상 노출 논란… ""멋지다"" vs ""과했다""']"|['150357589102247', '형사소송법 201조 2항,,날부터 ~날까지 유일하게 명시되어있고/법조항 그어디에도 시간계산법은 없다']|"['150357589102213', '尹 외신 실시간보도 뉴욕타임스·워싱턴포스트 ""尹 석방,한국 정치위기 심화·연장""']"|['150357589101993', '----지난1주간 업종 상승율1위(+10%) = 식품,음료주----']|['150357589101891', '건강악화 순위~~~~^^']|['150357589101876', '내일은 동양철관 이 상한가']|['150357589101657', '윤석렬은 반국가세력이다.~~~^^']
['150357589104596', '법원및검찰,,,내부망에 尹석방 비판 봇물(납득할수없다 ,,법에도없는규정 석방)']|['150357589104478', '수지, 백리스 드레스 자태에 온라인 반응 폭발… “그림자까지 예술”']|['150357589104451', '(尹석방)법원부장판사에이어,,검찰도 항고왜 안햇냐 며  집단반발']|['150357589104368', '윤은혜, 아버지와 절연했던 이유?… 눈물 속 고백한 가족사']|['150357589104248', '(법원 속보)현직부장판사도 내부망에尹석방 문제있다 강력비판(법에도없는 시간계산법 적용 석방 강력비판)']|['150357589104235', '제니, 콘서트 파격 노출 퍼포먼스 이유?']|['150357589104025', '대만 배우 왕대륙, 범죄 혐의 줄줄이…승리와 유사한 행적?']|"['150357589103973', ""김새론 아버지, 유튜버 이진호 폭로… '발인 후에도 전화해'""]"|['150357589103069', '나스닥 시장에서. 보물을찾았다.']|['150357589102630', '3.4일~3.7일 업종상승율1위===상한가직행--풀매수 싯점']|['150357589102564', '검찰개혁 답안지 보시라.']|['150357589102543', '경찰은 노예다.~~~~^^']|['150357589102538', '남,북이 서로 잘한것~~~~^^']|['150357589102482', '윤석열 석방 후 강남과 잠실 집값 , 주식 급등']|"['150357589102480', '윤석열 석방에…""국민에게 총 겨눈 범죄자가 풀려난 치욕의 날""CBS노컷뉴스 2025. 3. 9.']"|['150357589102478', '[ 윤석열은 비상식적인 인간이다. ] 국민이 포기를 안 했는데, 검찰 니들이 뭔데, 왜 항고를 포기해? 새 글']|['150357589102473', '★ 심우정이 어떻게 검찰총장이 될 수 있었나?\t[ 덮는 걸 잘 해서. ]']|['150357589102464', '발짝한 내란대권후보?']|['150357589102462', '그리오래걸리지 않을겁니다']|['150357589102457', '극우기독인들아.교회집회도']|['150357589102436', '난리났네 ,,법조계 구속취소 해달라 요구 봇물 /왜 尹만 법에도없는규정적용 풀어주냐고 구속취소신청']|['150357589102421', '(검찰속보)오세훈이 해명 거짓말 들통 검찰복수의 증인및 물증 확보/명태균말은 거의옳았다 또 증명']|['150357589102408', '김태희, 남아공서 5인조 무장 강도 습격 사건 전말']|"['150357589102404', '블랙핑크 제니, 솔로 콘서트 의상 노출 논란… ""멋지다"" vs ""과했다""']"|['150357589102247', '형사소송법 201조 2항,,날부터 ~날까지 유일하게 명시되어있고/법조항 그어디에도 시간계산법은 없다']|"['150357589102213', '尹 외신 실시간보도 뉴욕타임스·워싱턴포스트 ""尹 석방,한국 정치위기 심화·연장""']"|['150357589101993', '----지난1주간 업종 상승율1위(+10%) = 식품,음료주----']|['150357589101891', '건강악화 순위~~~~^^']|['150357589101876', '내일은 동양철관 이 상한가']|['150357589101657', '윤석렬은 반국가세력이다.~~~^^']
